<?xml version="1.0" encoding="utf-8" standalone="yes" ?>
<testreport starttime="2017-03-29 12:27:00" timestamp="   1.903014" verdicts="5_extended">
  <testunit starttime="2017-03-29 12:27:00" timestamp="   1.903014">
    <testfixture>
      <preparation starttime="2017-03-29 12:27:00" timestamp="   1.903014">
        <checkbegin timestamp="   1.903014" checkname="NodeMsgsCycleTime" id="3_10001" />
        <checkbegin timestamp="   1.903014" checkname="NodeMsgsCycleTime" id="4_10002" />
        <prepend endtime="2017-03-29 12:27:00" endtimestamp="   1.903014" />
      </preparation>
      <testcase starttime="2017-03-29 12:27:00" timestamp="   1.903014">
        <command timestamp="   1.903014" name="Set">
          <title>Set</title>
          <teststep timestamp="   1.903014" level="2" type="user" ident="1" result="na">
            <tabularinfo expand="true">
              <description>Stimulation of values</description>
              <heading>
                <cell>Symbol</cell>
                <cell>Op.</cell>
                <cell>Assigned</cell>
              </heading>
              <row level="0">
                <cell>System variable &apos;HazardLightsSwitch&apos;</cell>
                <cell>=</cell>
                <cell>1</cell>
              </row>
            </tabularinfo>
          </teststep>
          <result timestamp="   1.903014" result="none"/>
        </command>
        <command timestamp="   1.903014" name="Wait">
          <title>Wait</title>
          <teststep timestamp="   2.003014" level="2" type="user" ident="1" result="na">Waited for 100.000 ms</teststep>
          <result timestamp="   2.003014" result="none"/>
        </command>
        <command timestamp="   2.003014" name="CAPL Inline">
          <title>CAPL Inline</title>
          <teststep timestamp="   2.003014" level="1" type="auto" ident="Resume reason" result="na">Immediately resumed on setup of wait condition.</teststep>
          <teststep timestamp="   2.003014" level="0" type="user" ident="FlashLight" result="pass">FlashLight is turned on</teststep>
          <result timestamp="   2.003014" result="pass"/>
        </command>
        <command timestamp="   2.003014" name="Set">
          <title>Set</title>
          <teststep timestamp="   2.003014" level="2" type="user" ident="1" result="na">
            <tabularinfo expand="true">
              <description>Stimulation of values</description>
              <heading>
                <cell>Symbol</cell>
                <cell>Op.</cell>
                <cell>Assigned</cell>
              </heading>
              <row level="0">
                <cell>System variable &apos;HazardLightsSwitch&apos;</cell>
                <cell>=</cell>
                <cell>0</cell>
              </row>
            </tabularinfo>
          </teststep>
          <result timestamp="   2.003014" result="none"/>
        </command>
        <command timestamp="   2.003014" name="Wait">
          <title>Wait</title>
          <teststep timestamp="   2.053014" level="2" type="user" ident="1" result="na">Waited for 50.000 ms</teststep>
          <result timestamp="   2.053014" result="none"/>
        </command>
        <verdict time="2017-03-29 12:27:00" timestamp="   2.053014" endtime="2017-03-29 12:27:00" endtimestamp="   2.053014" result="pass" />
        <title>LightTest</title>
        <checkstatistic checkname="NodeMsgsCycleTime" id="3_10001" result="pass">
          <spec>
            <xinfo>
              <name>Type of check</name>
              <description>NodeMsgsCycleTime</description>
            </xinfo>
            <xinfo>
              <name>Node</name>
              <description>Node &apos;Engine&apos; on bus easy</description>
            </xinfo>
            <xinfo>
              <name>MinRel-time</name>
              <description>0.8</description>
            </xinfo>
            <xinfo>
              <name>MaxRel-time</name>
              <description>1.2</description>
            </xinfo>
          </spec>
          <statistic>
            <xinfo>
              <name>Number of samples</name>
              <description>1</description>
            </xinfo>
          </statistic>
        </checkstatistic>
        <checkstatistic checkname="NodeMsgsCycleTime" id="4_10002" result="pass">
          <spec>
            <xinfo>
              <name>Type of check</name>
              <description>NodeMsgsCycleTime</description>
            </xinfo>
            <xinfo>
              <name>Node</name>
              <description>Node &apos;Light&apos; on bus easy</description>
            </xinfo>
            <xinfo>
              <name>MinRel-time</name>
              <description>0.8</description>
            </xinfo>
            <xinfo>
              <name>MaxRel-time</name>
              <description>1.2</description>
            </xinfo>
          </spec>
          <statistic>
            <xinfo>
              <name>Number of samples</name>
              <description>1</description>
            </xinfo>
          </statistic>
        </checkstatistic>
      </testcase>
      <testcase starttime="2017-03-29 12:27:00" timestamp="   2.053014">
        <command timestamp="   2.053014" name="Stimulate Ramp">
          <title>Stimulate Ramp</title>
          <result timestamp="   2.053014" result="none"/>
        </command>
        <command timestamp="   2.053014" name="Set">
          <title>Set</title>
          <teststep timestamp="   2.053014" level="2" type="user" ident="1" result="na">
            <tabularinfo expand="true">
              <description>Stimulation of values</description>
              <heading>
                <cell>Symbol</cell>
                <cell>Op.</cell>
                <cell>Assigned</cell>
              </heading>
              <row level="0">
                <cell>System variable &apos;EngineStateSwitch&apos;</cell>
                <cell>=</cell>
                <cell>1</cell>
              </row>
            </tabularinfo>
          </teststep>
          <result timestamp="   2.053014" result="none"/>
        </command>
        <command timestamp="   2.053014" name="Await Value Match">
          <title>Await Value Match</title>
          <teststep timestamp="   5.100768" level="1" type="auto" ident="Resume reason" result="na">Resumed on signal: CAN signal &apos;EngineSpeed&apos; Elapsed time=3047.75ms (max=4000ms)</teststep>
          <teststep timestamp="   5.100768" level="2" type="user" ident="1" result="pass">Waited for occurrence of 1 value condition(s).</teststep>
          <teststep timestamp="   5.100768" level="2" type="user" ident="" result="na">
            <tabularinfo expand="true">
              <description></description>
              <heading>
                <cell>Symbol</cell>
                <cell>Op.</cell>
                <cell>Reference Value</cell>
                <cell>Actual</cell>
                <cell>Result</cell>
              </heading>
              <row level="0">
                <cell>CAN signal &apos;EngineSpeed&apos;</cell>
                <cell>Range</cell>
                <cell>3450..3550</cell>
                <cell>3500</cell>
                <cell>pass</cell>
              </row>
            </tabularinfo>
          </teststep>
          <result timestamp="   5.100768" result="pass"/>
        </command>
        <command timestamp="   5.100768" name="Set">
          <title>Set</title>
          <teststep timestamp="   5.100768" level="2" type="user" ident="1" result="na">
            <tabularinfo expand="true">
              <description>Stimulation of values</description>
              <heading>
                <cell>Symbol</cell>
                <cell>Op.</cell>
                <cell>Assigned</cell>
              </heading>
              <row level="0">
                <cell>System variable &apos;EngineStateSwitch&apos;</cell>
                <cell>=</cell>
                <cell>1</cell>
              </row>
              <row level="0">
                <cell>System variable &apos;EngineSpeedEntry&apos;</cell>
                <cell>=</cell>
                <cell>0</cell>
              </row>
              <row level="0">
                <cell>CAN signal &apos;EngineSpeed&apos;</cell>
                <cell>=</cell>
                <cell>0</cell>
              </row>
            </tabularinfo>
          </teststep>
          <result timestamp="   5.100768" result="none"/>
        </command>
        <verdict time="2017-03-29 12:27:03" timestamp="   5.100768" endtime="2017-03-29 12:27:03" endtimestamp="   5.100768" result="pass" />
        <title>EngineTest</title>
        <checkstatistic checkname="NodeMsgsCycleTime" id="3_10001" result="pass">
          <spec>
            <xinfo>
              <name>Type of check</name>
              <description>NodeMsgsCycleTime</description>
            </xinfo>
            <xinfo>
              <name>Node</name>
              <description>Node &apos;Engine&apos; on bus easy</description>
            </xinfo>
            <xinfo>
              <name>MinRel-time</name>
              <description>0.8</description>
            </xinfo>
            <xinfo>
              <name>MaxRel-time</name>
              <description>1.2</description>
            </xinfo>
          </spec>
          <statistic>
            <xinfo>
              <name>Number of samples</name>
              <description>31</description>
            </xinfo>
          </statistic>
        </checkstatistic>
        <checkstatistic checkname="NodeMsgsCycleTime" id="4_10002" result="pass">
          <spec>
            <xinfo>
              <name>Type of check</name>
              <description>NodeMsgsCycleTime</description>
            </xinfo>
            <xinfo>
              <name>Node</name>
              <description>Node &apos;Light&apos; on bus easy</description>
            </xinfo>
            <xinfo>
              <name>MinRel-time</name>
              <description>0.8</description>
            </xinfo>
            <xinfo>
              <name>MaxRel-time</name>
              <description>1.2</description>
            </xinfo>
          </spec>
          <statistic>
            <xinfo>
              <name>Number of samples</name>
              <description>30</description>
            </xinfo>
          </statistic>
        </checkstatistic>
      </testcase>
      <checkend timestamp="   5.100768" checkname="NodeMsgsCycleTime" id="3_10001" />
      <checkend timestamp="   5.100768" checkname="NodeMsgsCycleTime" id="4_10002" />
      <title>Test Fixture</title>
      <checkstatistic checkname="NodeMsgsCycleTime" id="3_10001" seq="1" result="pass">
        <spec>
          <xinfo>
            <name>Type of check</name>
            <description>NodeMsgsCycleTime</description>
          </xinfo>
          <xinfo>
            <name>Node</name>
            <description>Node &apos;Engine&apos; on bus easy</description>
          </xinfo>
          <xinfo>
            <name>MinRel-time</name>
            <description>0.8</description>
          </xinfo>
          <xinfo>
            <name>MaxRel-time</name>
            <description>1.2</description>
          </xinfo>
        </spec>
        <statistic>
          <xinfo>
            <name>Runtime of the statistic</name>
            <description>3197.753679 ms</description>
          </xinfo>
          <xinfo>
            <name>Number of samples</name>
            <description>32</description>
          </xinfo>
          <xinfo>
            <name>Message ID</name>
            <description>291 (0x123)</description>
          </xinfo>
          <xinfo>
            <name>Minimal measured cycle time</name>
            <description>99.976 ms</description>
          </xinfo>
          <xinfo>
            <name>Maximal measured cycle time</name>
            <description>100.036 ms</description>
          </xinfo>
          <xinfo>
            <name>Average cycle time</name>
            <description>99.998838 ms</description>
          </xinfo>
          <xinfo>
            <name>Failure ratio (in %)</name>
            <description>0</description>
          </xinfo>
        </statistic>
        <statistic title="Distribution of measured times" type="distribution">
          <xinfo>
            <name> &lt;= 60 ms</name>
            <description>0</description>
          </xinfo>
          <xinfo>
            <name>60 ms - 64 ms</name>
            <description>0</description>
          </xinfo>
          <xinfo>
            <name>64 ms - 68 ms</name>
            <description>0</description>
          </xinfo>
          <xinfo>
            <name>68 ms - 72 ms</name>
            <description>0</description>
          </xinfo>
          <xinfo>
            <name>72 ms - 76 ms</name>
            <description>0</description>
          </xinfo>
          <xinfo>
            <name>76 ms - 80 ms</name>
            <description>0</description>
          </xinfo>
          <xinfo>
            <name>80 ms - 84 ms</name>
            <description>0</description>
          </xinfo>
          <xinfo>
            <name>84 ms - 88 ms</name>
            <description>0</description>
          </xinfo>
          <xinfo>
            <name>88 ms - 92 ms</name>
            <description>0</description>
          </xinfo>
          <xinfo>
            <name>92 ms - 96 ms</name>
            <description>0</description>
          </xinfo>
          <xinfo>
            <name>96 ms - 100 ms</name>
            <description>27</description>
          </xinfo>
          <xinfo>
            <name>100 ms - 104 ms</name>
            <description>4</description>
          </xinfo>
          <xinfo>
            <name>104 ms - 108 ms</name>
            <description>0</description>
          </xinfo>
          <xinfo>
            <name>108 ms - 112 ms</name>
            <description>0</description>
          </xinfo>
          <xinfo>
            <name>112 ms - 116 ms</name>
            <description>0</description>
          </xinfo>
          <xinfo>
            <name>116 ms - 120 ms</name>
            <description>0</description>
          </xinfo>
          <xinfo>
            <name>120 ms - 124 ms</name>
            <description>0</description>
          </xinfo>
          <xinfo>
            <name>124 ms - 128 ms</name>
            <description>0</description>
          </xinfo>
          <xinfo>
            <name>128 ms - 132 ms</name>
            <description>0</description>
          </xinfo>
          <xinfo>
            <name>132 ms - 136 ms</name>
            <description>0</description>
          </xinfo>
          <xinfo>
            <name>136 ms - 140 ms</name>
            <description>0</description>
          </xinfo>
          <xinfo>
            <name> &gt; 140 ms</name>
            <description>0</description>
          </xinfo>
        </statistic>
      </checkstatistic>
      <checkstatistic checkname="NodeMsgsCycleTime" id="4_10002" seq="2" result="pass">
        <spec>
          <xinfo>
            <name>Type of check</name>
            <description>NodeMsgsCycleTime</description>
          </xinfo>
          <xinfo>
            <name>Node</name>
            <description>Node &apos;Light&apos; on bus easy</description>
          </xinfo>
          <xinfo>
            <name>MinRel-time</name>
            <description>0.8</description>
          </xinfo>
          <xinfo>
            <name>MaxRel-time</name>
            <description>1.2</description>
          </xinfo>
        </spec>
        <statistic>
          <xinfo>
            <name>Runtime of the statistic</name>
            <description>3197.753679 ms</description>
          </xinfo>
          <xinfo>
            <name>Number of samples</name>
            <description>31</description>
          </xinfo>
          <xinfo>
            <name>Message ID</name>
            <description>801 (0x321)</description>
          </xinfo>
          <xinfo>
            <name>Minimal measured cycle time</name>
            <description>99.976 ms</description>
          </xinfo>
          <xinfo>
            <name>Maximal measured cycle time</name>
            <description>100.036 ms</description>
          </xinfo>
          <xinfo>
            <name>Average cycle time</name>
            <description>99.9992 ms</description>
          </xinfo>
          <xinfo>
            <name>Failure ratio (in %)</name>
            <description>0</description>
          </xinfo>
        </statistic>
        <statistic title="Distribution of measured times" type="distribution">
          <xinfo>
            <name> &lt;= 60 ms</name>
            <description>0</description>
          </xinfo>
          <xinfo>
            <name>60 ms - 64 ms</name>
            <description>0</description>
          </xinfo>
          <xinfo>
            <name>64 ms - 68 ms</name>
            <description>0</description>
          </xinfo>
          <xinfo>
            <name>68 ms - 72 ms</name>
            <description>0</description>
          </xinfo>
          <xinfo>
            <name>72 ms - 76 ms</name>
            <description>0</description>
          </xinfo>
          <xinfo>
            <name>76 ms - 80 ms</name>
            <description>0</description>
          </xinfo>
          <xinfo>
            <name>80 ms - 84 ms</name>
            <description>0</description>
          </xinfo>
          <xinfo>
            <name>84 ms - 88 ms</name>
            <description>0</description>
          </xinfo>
          <xinfo>
            <name>88 ms - 92 ms</name>
            <description>0</description>
          </xinfo>
          <xinfo>
            <name>92 ms - 96 ms</name>
            <description>0</description>
          </xinfo>
          <xinfo>
            <name>96 ms - 100 ms</name>
            <description>26</description>
          </xinfo>
          <xinfo>
            <name>100 ms - 104 ms</name>
            <description>4</description>
          </xinfo>
          <xinfo>
            <name>104 ms - 108 ms</name>
            <description>0</description>
          </xinfo>
          <xinfo>
            <name>108 ms - 112 ms</name>
            <description>0</description>
          </xinfo>
          <xinfo>
            <name>112 ms - 116 ms</name>
            <description>0</description>
          </xinfo>
          <xinfo>
            <name>116 ms - 120 ms</name>
            <description>0</description>
          </xinfo>
          <xinfo>
            <name>120 ms - 124 ms</name>
            <description>0</description>
          </xinfo>
          <xinfo>
            <name>124 ms - 128 ms</name>
            <description>0</description>
          </xinfo>
          <xinfo>
            <name>128 ms - 132 ms</name>
            <description>0</description>
          </xinfo>
          <xinfo>
            <name>132 ms - 136 ms</name>
            <description>0</description>
          </xinfo>
          <xinfo>
            <name>136 ms - 140 ms</name>
            <description>0</description>
          </xinfo>
          <xinfo>
            <name> &gt; 140 ms</name>
            <description>0</description>
          </xinfo>
        </statistic>
      </checkstatistic>
    </testfixture>
    <testcase starttime="2017-03-29 12:27:03" timestamp="   5.100768">
      <command timestamp="   5.100768" name="Set">
        <title>Set</title>
        <teststep timestamp="   5.100768" level="2" type="user" ident="1" result="na">
          <tabularinfo expand="true">
            <description>Stimulation of values</description>
            <heading>
              <cell>Symbol</cell>
              <cell>Op.</cell>
              <cell>Assigned</cell>
            </heading>
            <row level="0">
              <cell>CAN signal &apos;HeadLight&apos;</cell>
              <cell>=</cell>
              <cell>1</cell>
            </row>
          </tabularinfo>
        </teststep>
        <result timestamp="   5.100768" result="none"/>
      </command>
      <command timestamp="   5.100768" name="Wait">
        <title>Wait</title>
        <teststep timestamp="   5.150768" level="2" type="user" ident="1" result="na">Waited for 50.000 ms</teststep>
        <result timestamp="   5.150768" result="none"/>
      </command>
      <command timestamp="   5.150768" name="Await Value Match">
        <title>Await Value Match</title>
        <teststep timestamp="   5.150768" level="1" type="auto" ident="Resume reason" result="na">Immediately resumed on setup of wait condition: System variable &apos;LightDisplay&apos;</teststep>
        <teststep timestamp="   5.150768" level="2" type="user" ident="1" result="pass">Waited for occurrence of 1 value condition(s).</teststep>
        <teststep timestamp="   5.150768" level="2" type="user" ident="" result="na">
          <tabularinfo expand="true">
            <description></description>
            <heading>
              <cell>Symbol</cell>
              <cell>Op.</cell>
              <cell>Reference Value</cell>
              <cell>Actual</cell>
              <cell>Result</cell>
            </heading>
            <row level="0">
              <cell>System variable &apos;LightDisplay&apos;</cell>
              <cell>==</cell>
              <cell>4</cell>
              <cell>4</cell>
              <cell>pass</cell>
            </row>
          </tabularinfo>
        </teststep>
        <result timestamp="   5.150768" result="pass"/>
      </command>
      <command timestamp="   5.150768" name="Set">
        <title>Set</title>
        <teststep timestamp="   5.150768" level="2" type="user" ident="1" result="na">
          <tabularinfo expand="true">
            <description>Stimulation of values</description>
            <heading>
              <cell>Symbol</cell>
              <cell>Op.</cell>
              <cell>Assigned</cell>
            </heading>
            <row level="0">
              <cell>CAN signal &apos;HeadLight&apos;</cell>
              <cell>=</cell>
              <cell>0</cell>
            </row>
          </tabularinfo>
        </teststep>
        <result timestamp="   5.150768" result="none"/>
      </command>
      <command timestamp="   5.150768" name="Wait">
        <title>Wait</title>
        <teststep timestamp="   5.200768" level="2" type="user" ident="1" result="na">Waited for 50.000 ms</teststep>
        <result timestamp="   5.200768" result="none"/>
      </command>
      <verdict time="2017-03-29 12:27:03" timestamp="   5.200768" endtime="2017-03-29 12:27:03" endtimestamp="   5.200768" result="pass" />
      <title>DisplayTest</title>
    </testcase>
    <verdict time="2017-03-29 12:27:03" timestamp="   5.200768" endtime="2017-03-29 12:27:03" endtimestamp="   5.200768" result="pass" />
    <title>EasyTest</title>
    <geninfo>
      <xinfo>
        <name>Name</name>
        <description>EasyTest</description>
      </xinfo>
      <xinfo>
        <name>Description</name>
        <description></description>
      </xinfo>
      <xinfo>
        <name>Version</name>
        <description></description>
      </xinfo>
      <xinfo>
        <name>File</name>
        <description>D:\Demos\Demos_SVN\CANoe Sample Configurations\Programming\Python\CANoeConfig\TestConfiguration\EasyTest\EasyTest.vtuexe</description>
      </xinfo>
      <xinfo>
        <name>Last modification</name>
        <description>2017-01-20, 13:57:08</description>
      </xinfo>
    </geninfo>
  </testunit>
  <verdict time="2017-03-29 12:27:03" timestamp="   5.200768" endtime="2017-03-29 12:27:03" endtimestamp="   5.200768" result="pass" />
  <title>PythonBasicTest</title>
  <testlogfiles>
    <testlogfile file="" />
  </testlogfiles>
  <engineer>
    <xinfo>
      <name>Windows Login Name</name>
      <description>visscr</description>
    </xinfo>
  </engineer>
  <testsetup>
    <xinfo>
      <name>Version</name>
      <description>CANoe.ISO11783.J1939.CANaero.CANopen.LIN.MOST.FlexRay.J1587.Ethernet.Car2x.AFDX.A429.XCP.AMD.Scope 10.0.47</description>
    </xinfo>
    <xinfo>
      <name>Configuration</name>
      <description>D:\Demos\Demos_SVN\CANoe Sample Configurations\Programming\Python\CANoeConfig\PythonBasic.cfg</description>
    </xinfo>
    <xinfo>
      <name>Configuration Comment</name>
      <description></description>
    </xinfo>
    <xinfo>
      <name>Test Configuration</name>
      <description>PythonBasicTest</description>
    </xinfo>
    <xinfo>
      <name>Windows Computer Name</name>
      <description>VISSCR7864NBH</description>
    </xinfo>
    <xinfo>
      <name>Nodelayer Module CANOEILNLVECTOR</name>
      <description>CANoe Interaction Layer NL (Vector) Version 3.16.32 (Jun  3 2016 09:44:38) , C:\Program Files\Vector CANwin 10.0.47\Exec32\CANOEILNLVECTOR.DLL</description>
    </xinfo>
    <xinfo>
      <name>Nodelayer Module J1939TestServiceLibraryNL</name>
      <description>J1939 Test Service Library for CANoe, Version 10.0.47.0, C:\Program Files\Vector CANwin 10.0.47\Exec32\J1939TestServiceLibraryNL.dll</description>
    </xinfo>
    <xinfo>
      <name>Nodelayer Module CANstress_NL</name>
      <description>CANstress NodeLayer for CANoe Version 3.0.15, C:\Program Files\Vector CANwin 10.0.47\Exec32\CANstress_NL.dll</description>
    </xinfo>
    <xinfo>
      <name>Nodelayer Module FRStressNL</name>
      <description>FRstress NL Version 1.0.27, C:\Program Files\Vector CANwin 10.0.47\Exec32\FRStressNL.dll</description>
    </xinfo>
  </testsetup>
</testreport>
<!--footprint="1f163cb857103b8e75ca88b710fb6377" version="1"-->
