<?xml version="1.0" encoding="utf-8" standalone="yes" ?>
<testmodule starttime="2017-03-29 12:25:25" timestamp="   0.986213" verdicts="2_basic">
  <testcase starttime="2017-03-29 12:25:25" timestamp="   0.986213">
    <teststep timestamp="   0.986213" level="0" type="user" ident="Engine" result="na">This is the second EngineTest</teststep>
    <teststep timestamp="   1.486213" level="1" type="auto" ident="Resume reason" result="na"> Elapsed time=500ms (max=500ms)</teststep>
    <verdict time="2017-03-29 12:25:25" timestamp="   1.486213" endtime="2017-03-29 12:25:25" endtimestamp="   1.486213" result="pass" />
    <title>tcsEngineTest2</title>
  </testcase>
  <verdict time="2017-03-29 12:25:25" timestamp="   1.486213" endtime="2017-03-29 12:25:25" endtimestamp="   1.486213" result="pass" />
  <title>EngineTest2</title>
  <testlogfiles>
    <testlogfile file="" />
  </testlogfiles>
  <engineer>
    <xinfo>
      <name>Windows Login Name</name>
      <description>visscr</description>
    </xinfo>
  </engineer>
  <testsetup>
    <xinfo>
      <name>Version</name>
      <description>CANoe.ISO11783.J1939.CANaero.CANopen.LIN.MOST.FlexRay.J1587.Ethernet.Car2x.AFDX.A429.XCP.AMD.Scope 10.0.47</description>
    </xinfo>
    <xinfo>
      <name>Configuration</name>
      <description>D:\Demos\Demos_SVN\CANoe Sample Configurations\Programming\Python\CANoeConfig\PythonBasicEmpty.cfg</description>
    </xinfo>
    <xinfo>
      <name>Configuration Comment</name>
      <description></description>
    </xinfo>
    <xinfo>
      <name>Test Module Name</name>
      <description>EngineTest2</description>
    </xinfo>
    <xinfo>
      <name>Test Module File</name>
      <description>D:\Demos\Demos_SVN\CANoe Sample Configurations\Programming\Python\CANoeConfig\TestModules\GeneralTests_Engine2.can</description>
    </xinfo>
    <xinfo>
      <name>Last modification of Test Module File</name>
      <description>2016-12-13, 12:38:38</description>
    </xinfo>
    <xinfo>
      <name>Windows Computer Name</name>
      <description>VISSCR7864NBH</description>
    </xinfo>
    <xinfo>
      <name>Nodelayer Module CANOEILNLVECTOR</name>
      <description>CANoe Interaction Layer NL (Vector) Version 3.16.32 (Jun  3 2016 09:44:38) , C:\Program Files\Vector CANwin 10.0.47\Exec32\CANOEILNLVECTOR.DLL</description>
    </xinfo>
    <xinfo>
      <name>Nodelayer Module J1939TestServiceLibraryNL</name>
      <description>J1939 Test Service Library for CANoe, Version 10.0.47.0, C:\Program Files\Vector CANwin 10.0.47\Exec32\J1939TestServiceLibraryNL.dll</description>
    </xinfo>
    <xinfo>
      <name>Nodelayer Module CANstress_NL</name>
      <description>CANstress NodeLayer for CANoe Version 3.0.15, C:\Program Files\Vector CANwin 10.0.47\Exec32\CANstress_NL.dll</description>
    </xinfo>
    <xinfo>
      <name>Nodelayer Module FRStressNL</name>
      <description>FRstress NL Version 1.0.27, C:\Program Files\Vector CANwin 10.0.47\Exec32\FRStressNL.dll</description>
    </xinfo>
  </testsetup>
</testmodule>
<!--footprint="82caefb1d10d84dc2fb6bdda58e85f68" version="1"-->
