﻿<?xml version="1.0" encoding="utf-8"?>
<systemvariables version="4">
  <namespace name="" comment="" interface="">
    <namespace name="TCPIP" comment="" interface="">
      <variable anlyzLocal="2" readOnly="false" valueSequence="false" unit="" name="TcpClientData" comment="" bitcount="64" isSigned="true" encoding="65001" type="string" />
      <variable anlyzLocal="2" readOnly="false" valueSequence="false" unit="" name="TcpClientIp" comment="" bitcount="64" isSigned="true" encoding="65001" type="string" />
      <variable anlyzLocal="2" readOnly="false" valueSequence="false" unit="" name="TcpClientPort" comment="" bitcount="32" isSigned="true" encoding="65001" type="int" startValue="0" minValue="0" minValuePhys="0" maxValue="0" maxValuePhys="0" />
      <variable anlyzLocal="2" readOnly="false" valueSequence="false" unit="" name="TcpConnect" comment="" bitcount="32" isSigned="true" encoding="65001" type="int" startValue="0" minValue="0" minValuePhys="0" maxValue="1" maxValuePhys="1" />
      <variable anlyzLocal="2" readOnly="false" valueSequence="false" unit="" name="TcpData" comment="" bitcount="64" isSigned="true" encoding="65001" type="string" />
      <variable anlyzLocal="2" readOnly="false" valueSequence="false" unit="" name="TcpDisconnect" comment="" bitcount="32" isSigned="true" encoding="65001" type="int" startValue="0" minValue="0" minValuePhys="0" maxValue="1" maxValuePhys="1" />
      <variable anlyzLocal="2" readOnly="false" valueSequence="false" unit="" name="TcpSend" comment="" bitcount="32" isSigned="true" encoding="65001" type="int" startValue="0" minValue="0" minValuePhys="0" maxValue="1" maxValuePhys="1" />
      <variable anlyzLocal="2" readOnly="false" valueSequence="false" unit="" name="TcpServerIp" comment="" bitcount="64" isSigned="true" encoding="65001" type="string" />
      <variable anlyzLocal="2" readOnly="false" valueSequence="false" unit="" name="TcpServerPort" comment="" bitcount="32" isSigned="true" encoding="65001" type="int" startValue="0" minValue="0" minValuePhys="0" maxValue="0" maxValuePhys="0" />
    </namespace>
  </namespace>
</systemvariables>